method,slope,intercept
lepski,-0.21227011031713242,1.3419503502546228
oracle,-0.46582771058937544,2.8798562730183437
