{
  "GG1": {
    "model_name": "GG 1D",
    "times": [
      0.6,
      0.75,
      0.85,
      0.9,
      0.95
    ],
    "mean_err": [
      0.07459391995692294,
      0.26495707138586944,
      1.1122820678961693,
      2.9457905475257204,
      11.525336543603144
    ],
    "std_err": [
      0.041890816266714655,
      0.12877403609583135,
      0.4674326829562627,
      1.0624145582613431,
      2.661667382382584
    ],
    "mean_rescaled": [
      0.029837567982769177,
      0.06623926784646736,
      0.1668423101844254,
      0.29457905475257196,
      0.5762668271801578
    ],
    "mean_h": 0.17315198852765998,
    "median_h": 0.15,
    "method": "oracle",
    "M": 8000,
    "reps": 50
  },
  "MM1": {
    "model_name": "MM 1D",
    "times": [
      0.6,
      0.75,
      0.85,
      0.9,
      0.95
    ],
    "mean_err": [
      0.12135907095038326,
      0.2327768736787285,
      0.5316037701402342,
      1.0662907379665683,
      3.4958674751980334
    ],
    "std_err": [
      0.05556935230900312,
      0.10753868186597496,
      0.2890268153180546,
      0.6090521812895233,
      1.8567916769939874
    ],
    "mean_rescaled": [
      0.0485436283801533,
      0.05819421841968213,
      0.07974056552103514,
      0.1066290737966568,
      0.17479337375990184
    ],
    "mean_h": 0.19870852262582,
    "median_h": 0.212132034356,
    "method": "oracle",
    "M": 8000,
    "reps": 50
  }
}