{
  "D_star_argmin": [
    -1.5,
    -1.5
  ],
  "D_star_min_on_eval_grid": 0.008261432095585577,
  "dim": 2,
  "model_id": "mm_2d",
  "name": "MM 2D",
  "rate_time": 0.6,
  "sample_mean_xs": [
    -0.09976941573108106,
    0.1103510486113835
  ],
  "sample_mean_xu": [
    0.3575178236561281,
    -0.40689163792406446
  ],
  "support_accepts_sampling": true,
  "truth_coarse": [
    -1.2065958856210606,
    1.278216723513223
  ],
  "truth_convergence_abs_err": 0.0,
  "truth_fine": [
    -1.2065958856210606,
    1.278216723513223
  ],
  "xi0": [
    0.8,
    -0.8
  ],
  "xs_density_at_xi0": 0.46722580490508,
  "xs_density_min_on_eval_xi_grid": 4.918336612179697e-09
}