{
  "tag": "stress_strong_20260418_131618",
  "GG1_INFL_VARN": 1.096784614740188,
  "GG1_INFL_VARD": 1.1045131917692186,
  "GG1_INFL_MEDSUP": 0.8536996253098432,
  "GG1_INFL_MEDISE": 0.8531508882122029,
  "MM1_INFL_VARN": 2.9218362690970627,
  "MM1_INFL_VARD": 5.35872370268371,
  "MM1_INFL_MEDSUP": 10.162180880264009,
  "MM1_INFL_MEDISE": 6.436293470166586
}