method,slope,intercept
lepski,-0.14044654612059562,0.5516132733973103
oracle,-0.2742599654830052,1.3419751864567178
