M,mean_Z,var_Z,coverage_95,mean_sigma_hat,mean_h
1000,-0.027081691192196878,1.4747329099982458,85.0,0.8755257850217664,0.19054607179632474
2000,0.15719822990767768,1.229881854699822,90.0,0.8991491622895872,0.1613439930826315
