method,M,mean_selected_h,mean_gap_to_oracle,boundary_frequency,mean_f_hat,mean_min_D_hat
lepski,1000,0.4322056274848,1.6438467129346115,0.0,0.38282922061373714,0.0065827316054029444
lepski,2000,0.3759556274848,2.0839985526773157,0.0,0.3908726359632958,0.007319352528173293
lepski,4000,0.3511485386505,2.123605929914256,0.0,0.39655817354779466,0.0071403940474062
oracle,1000,0.324099025767,1.0,0.0,0.39261408588943286,0.0061689485016256165
oracle,2000,0.28269960742345,1.0,0.0,0.38416388477404334,0.0065892046602091265
oracle,4000,0.2210844154602,1.0,0.0,0.3952948320704669,0.006430423329813214
